<c>,PC,PD,F
0.05325,5.0,2269.0,1726.0
0.04125,4.0,3170.0,826.0
0.02775,4.0,3147.0,849.0
0.023,3.0,3497.0,500.0
0.02325,4.0,3285.0,711.0
0.0555,6.0,2703.0,1291.0
0.03625,6.0,3228.0,766.0
0.02075,3.0,3527.0,470.0
0.0215,3.0,3534.0,463.0
0.01375,2.0,3691.0,307.0
0.02875,6.0,3282.0,712.0
0.015,2.0,3551.0,447.0
