<c>,PC,PD,F
0.87,1389.0,2.0,2609.0
0.81575,713.0,6.0,3281.0
0.88375,531.0,1.0,3468.0
0.84525,779.0,5.0,3216.0
0.74425,314.0,1.0,3685.0
0.60575,159.0,9.0,3832.0
0.61575,131.0,8.0,3861.0
0.55775,44.0,8.0,3948.0
0.651,103.0,4.0,3893.0
0.51475,81.0,10.0,3909.0
